Workbook

Sheet Read Me
A1: QA Quest — Manual Test Suite
A3: Scope: 53 manual test cases covering authentication, start screen, practice mode, interview pressure mode,
A4: results & expertise estimation, history & leaderboard, admin view, offline mode, security and UI/UX.
A6: How to run:
A7: 1. Environment A (full): install Node.js, run `node server.js`, open http://localhost:3000.
A8: 2. Environment B (offline): open index.html directly in a browser — needed for the Offline cases.
A9: 3. Execute cases in order within each area; set Status (Pass/Fail/Blocked/Skipped) on the Test Cases sheet.
A10: 4. Record evidence and defects in the Actual Result / Notes column.
A11: 5. The Summary sheet computes totals and pass rate automatically.
A13: Automated coverage companion: tests/api.test.js (node --test) covers the REST API;
A14: tests/e2e/app.spec.js (Playwright) covers the main browser flows. Manual cases focus on what automation
A15: does not verify: visuals, audio, timing feel, multi-device sync, and exploratory security checks.

Sheet Test Cases
A1: TC ID | B1: Area | C1: Title | D1: Priority | E1: Type | F1: Preconditions | G1: Steps | H1: Expected Result | I1: Status | J1: Actual Result / Notes
A2: TC-001 | B2: Auth | C2: Register a new account with valid data | D2: High | E2: Functional | F2: Backend running (node server.js); open http://localhost:3000 | G2: 1. On the auth screen click the Register tab 2. Enter a unique username (2–20 letters/digits/_) 3. Enter a password of 6+ characters 4. Click the submit button | H2: Account is created; user lands on the start screen; userbar shows the username and a Log out action | I2: Not Run
A3: TC-002 | B3: Auth | C3: Register rejects username shorter than 2 chars | D3: High | E3: Negative | F3: Auth screen open, Register tab active | G3: 1. Enter username "a" 2. Enter a valid password 3. Submit | H3: Inline error explains the username rule (2–20 letters, digits or _); no account created; user stays on auth screen | I3: Not Run
A4: TC-003 | B4: Auth | C4: Register rejects username with special characters | D4: Medium | E4: Negative | F4: Auth screen open, Register tab active | G4: 1. Enter username "bad name!" 2. Enter a valid password 3. Submit | H4: Inline error about allowed characters; no account created | I4: Not Run
A5: TC-004 | B5: Auth | C5: Register rejects password under 6 characters | D5: High | E5: Negative | F5: Auth screen open, Register tab active | G5: 1. Enter a valid unique username 2. Enter password "12345" 3. Submit | H5: Inline error "Password must be at least 6 characters"; no account created | I5: Not Run
A6: TC-005 | B6: Auth | C6: Register rejects duplicate username (case-insensitive) | D6: High | E6: Negative | F6: An account "Tester1" already exists | G6: 1. Open Register tab 2. Enter username "TESTER1" 3. Enter a valid password 4. Submit | H6: Error "That username is taken" (HTTP 409); no second account created | I6: Not Run
A7: TC-006 | B7: Auth | C7: Sign in with correct credentials | D7: High | E7: Functional | F7: Registered account exists | G7: 1. On Sign In tab enter the username (any letter case) 2. Enter the correct password 3. Submit | H7: User reaches the start screen; userbar shows username; history and leaderboard load | I7: Not Run
A8: TC-007 | B8: Auth | C8: Sign in with wrong password shows error | D8: High | E8: Negative | F8: Registered account exists | G8: 1. Enter the username 2. Enter an incorrect password 3. Submit | H8: Error "Wrong username or password"; user remains on auth screen; no session created | I8: Not Run
A9: TC-008 | B9: Auth | C9: Sign in with unknown username shows error | D9: Medium | E9: Negative | F9: Auth screen open | G9: 1. Enter a username that was never registered 2. Enter any password 3. Submit | H9: Same generic error as wrong password (no user-enumeration hint) | I9: Not Run
A10: TC-009 | B10: Auth | C10: Play as Guest skips login | D10: High | E10: Functional | F10: Auth screen open | G10: 1. Click "Play as Guest" | H10: Start screen opens; no userbar account info; scores will be kept in browser localStorage only | I10: Not Run
A11: TC-010 | B11: Auth | C11: Log out ends the session | D11: High | E11: Functional | F11: Signed in, on the start screen | G11: 1. Click "Log out" in the userbar | H11: User returns to the auth screen; the old bearer token no longer works (reload does not restore the session) | I11: Not Run
A12: TC-011 | B12: Auth | C12: Session persists across page reload | D12: Medium | E12: Functional | F12: Signed in | G12: 1. Reload the page (F5) | H12: User is still signed in and lands on the start screen without re-entering credentials | I12: Not Run
A13: TC-012 | B13: Auth | C13: Session expires after 30 days | D13: Low | E13: Functional | F13: Signed-in session token older than 30 days (simulate by editing session ts in data.json) | G13: 1. Reload the page with the expired token | H13: Session is rejected; user is shown the auth screen again | I13: Not Run
... A54: TC-053 | B54: UI | C54: Confetti/celebration on a strong result | D54: Low | E54: UI | F54: Finish a quiz with a high score / HIRED verdict | G54: 1. Observe the results screen | H54: Celebration effect plays; reduced or absent on a failing result | I54: Not Run

Sheet Summary
A1: QA Quest — Manual Test Run Summary
A2: Update the Status column on the Test Cases sheet; all figures below recalculate automatically.
A4: Metric | B4: Count
A5: Total test cases | B5: =COUNTA('Test Cases'!A2:A54) -> 53
A6: Passed | B6: =COUNTIF('Test Cases'!I2:I54,"Pass") -> 0
A7: Failed | B7: =COUNTIF('Test Cases'!I2:I54,"Fail") -> 0
A8: Blocked | B8: =COUNTIF('Test Cases'!I2:I54,"Blocked") -> 0
A9: Skipped | B9: =COUNTIF('Test Cases'!I2:I54,"Skipped") -> 0
A10: Not run | B10: =COUNTIF('Test Cases'!I2:I54,"Not Run") -> 53
A11: Executed | B11: =B6+B7+B8 -> 0
A12: Pass rate (of executed) | B12: =IF(B6+B7=0,"-",B6/(B6+B7)) -> -
A14: By area
A15: Area | B15: Total | C15: Pass | D15: Fail | E15: Blocked | F15: Skipped | G15: Not Run
A16: Auth | B16: =COUNTIF('Test Cases'!B2:B54,A16) -> 12 | C16: =COUNTIFS('Test Cases'!B2:B54,A16,'Test Cases'!I2:I54,"Pass") -> 0 | D16: =COUNTIFS('Test Cases'!B2:B54,A16,'Test Cases'!I2:I54,"Fail") -> 0 | E16: =COUNTIFS('Test Cases'!B2:B54,A16,'Test Cases'!I2:I54,"Blocked") -> 0 | F16: =COUNTIFS('Test Cases'!B2:B54,A16,'Test Cases'!I2:I54,"Skipped") -> 0 | G16: =COUNTIFS('Test Cases'!B2:B54,A16,'Test Cases'!I2:I54,"Not Run") -> 12
A17: Start screen | B17: =COUNTIF('Test Cases'!B2:B54,A17) -> 3 | C17: =COUNTIFS('Test Cases'!B2:B54,A17,'Test Cases'!I2:I54,"Pass") -> 0 | D17: =COUNTIFS('Test Cases'!B2:B54,A17,'Test Cases'!I2:I54,"Fail") -> 0 | E17: =COUNTIFS('Test Cases'!B2:B54,A17,'Test Cases'!I2:I54,"Blocked") -> 0 | F17: =COUNTIFS('Test Cases'!B2:B54,A17,'Test Cases'!I2:I54,"Skipped") -> 0 | G17: =COUNTIFS('Test Cases'!B2:B54,A17,'Test Cases'!I2:I54,"Not Run") -> 3
A18: Practice | B18: =COUNTIF('Test Cases'!B2:B54,A18) -> 10 | C18: =COUNTIFS('Test Cases'!B2:B54,A18,'Test Cases'!I2:I54,"Pass") -> 0 | D18: =COUNTIFS('Test Cases'!B2:B54,A18,'Test Cases'!I2:I54,"Fail") -> 0 | E18: =COUNTIFS('Test Cases'!B2:B54,A18,'Test Cases'!I2:I54,"Blocked") -> 0 | F18: =COUNTIFS('Test Cases'!B2:B54,A18,'Test Cases'!I2:I54,"Skipped") -> 0 | G18: =COUNTIFS('Test Cases'!B2:B54,A18,'Test Cases'!I2:I54,"Not Run") -> 10
A19: Interview | B19: =COUNTIF('Test Cases'!B2:B54,A19) -> 9 | C19: =COUNTIFS('Test Cases'!B2:B54,A19,'Test Cases'!I2:I54,"Pass") -> 0 | D19: =COUNTIFS('Test Cases'!B2:B54,A19,'Test Cases'!I2:I54,"Fail") -> 0 | E19: =COUNTIFS('Test Cases'!B2:B54,A19,'Test Cases'!I2:I54,"Blocked") -> 0 | F19: =COUNTIFS('Test Cases'!B2:B54,A19,'Test Cases'!I2:I54,"Skipped") -> 0 | G19: =COUNTIFS('Test Cases'!B2:B54,A19,'Test Cases'!I2:I54,"Not Run") -> 9
A20: History | B20: =COUNTIF('Test Cases'!B2:B54,A20) -> 4 | C20: =COUNTIFS('Test Cases'!B2:B54,A20,'Test Cases'!I2:I54,"Pass") -> 0 | D20: =COUNTIFS('Test Cases'!B2:B54,A20,'Test Cases'!I2:I54,"Fail") -> 0 | E20: =COUNTIFS('Test Cases'!B2:B54,A20,'Test Cases'!I2:I54,"Blocked") -> 0 | F20: =COUNTIFS('Test Cases'!B2:B54,A20,'Test Cases'!I2:I54,"Skipped") -> 0 | G20: =COUNTIFS('Test Cases'!B2:B54,A20,'Test Cases'!I2:I54,"Not Run") -> 4
A21: Leaderboard | B21: =COUNTIF('Test Cases'!B2:B54,A21) -> 2 | C21: =COUNTIFS('Test Cases'!B2:B54,A21,'Test Cases'!I2:I54,"Pass") -> 0 | D21: =COUNTIFS('Test Cases'!B2:B54,A21,'Test Cases'!I2:I54,"Fail") -> 0 | E21: =COUNTIFS('Test Cases'!B2:B54,A21,'Test Cases'!I2:I54,"Blocked") -> 0 | F21: =COUNTIFS('Test Cases'!B2:B54,A21,'Test Cases'!I2:I54,"Skipped") -> 0 | G21: =COUNTIFS('Test Cases'!B2:B54,A21,'Test Cases'!I2:I54,"Not Run") -> 2
A22: Admin | B22: =COUNTIF('Test Cases'!B2:B54,A22) -> 3 | C22: =COUNTIFS('Test Cases'!B2:B54,A22,'Test Cases'!I2:I54,"Pass") -> 0 | D22: =COUNTIFS('Test Cases'!B2:B54,A22,'Test Cases'!I2:I54,"Fail") -> 0 | E22: =COUNTIFS('Test Cases'!B2:B54,A22,'Test Cases'!I2:I54,"Blocked") -> 0 | F22: =COUNTIFS('Test Cases'!B2:B54,A22,'Test Cases'!I2:I54,"Skipped") -> 0 | G22: =COUNTIFS('Test Cases'!B2:B54,A22,'Test Cases'!I2:I54,"Not Run") -> 3
A23: Offline | B23: =COUNTIF('Test Cases'!B2:B54,A23) -> 2 | C23: =COUNTIFS('Test Cases'!B2:B54,A23,'Test Cases'!I2:I54,"Pass") -> 0 | D23: =COUNTIFS('Test Cases'!B2:B54,A23,'Test Cases'!I2:I54,"Fail") -> 0 | E23: =COUNTIFS('Test Cases'!B2:B54,A23,'Test Cases'!I2:I54,"Blocked") -> 0 | F23: =COUNTIFS('Test Cases'!B2:B54,A23,'Test Cases'!I2:I54,"Skipped") -> 0 | G23: =COUNTIFS('Test Cases'!B2:B54,A23,'Test Cases'!I2:I54,"Not Run") -> 2
A24: Security | B24: =COUNTIF('Test Cases'!B2:B54,A24) -> 5 | C24: =COUNTIFS('Test Cases'!B2:B54,A24,'Test Cases'!I2:I54,"Pass") -> 0 | D24: =COUNTIFS('Test Cases'!B2:B54,A24,'Test Cases'!I2:I54,"Fail") -> 0 | E24: =COUNTIFS('Test Cases'!B2:B54,A24,'Test Cases'!I2:I54,"Blocked") -> 0 | F24: =COUNTIFS('Test Cases'!B2:B54,A24,'Test Cases'!I2:I54,"Skipped") -> 0 | G24: =COUNTIFS('Test Cases'!B2:B54,A24,'Test Cases'!I2:I54,"Not Run") -> 5
A25: UI | B25: =COUNTIF('Test Cases'!B2:B54,A25) -> 3 | C25: =COUNTIFS('Test Cases'!B2:B54,A25,'Test Cases'!I2:I54,"Pass") -> 0 | D25: =COUNTIFS('Test Cases'!B2:B54,A25,'Test Cases'!I2:I54,"Fail") -> 0 | E25: =COUNTIFS('Test Cases'!B2:B54,A25,'Test Cases'!I2:I54,"Blocked") -> 0 | F25: =COUNTIFS('Test Cases'!B2:B54,A25,'Test Cases'!I2:I54,"Skipped") -> 0 | G25: =COUNTIFS('Test Cases'!B2:B54,A25,'Test Cases'!I2:I54,"Not Run") -> 3
A27: By priority
A28: Priority | B28: Total
A29: High | B29: =COUNTIF('Test Cases'!D2:D54,A29) -> 27
A30: Medium | B30: =COUNTIF('Test Cases'!D2:D54,A30) -> 19
A31: Low | B31: =COUNTIF('Test Cases'!D2:D54,A31) -> 7
